Ticker;Sektor;Syariah;MktCap;ROE;ROA;NPM
ACES;Consumer Cyclicals;ya;6.129.099.512.600;10,14;7,85;7,74
ADMF;Financials;tidak;10.875.067.359.200;10,28;4,01;15,11
ASGR;Industrials;ya;2.212.000.020.000;12,94;8,68;9,05
ASII;Industrials;ya;241.889.230.011.500;11,27;6,46;10,13
ASSA;Transportation & Logistic;ya;2.971.365.701.185;13,08;4,93;6,97
AUTO;Consumer Cyclicals;ya;12.386.713.810.000;13;9,75;11,08
BBNI;Financials;tidak;137.358.544.003.920;11,36;1,47;23,28
BBYB;Financials;tidak;4.044.395.122.038;13,37;2,98;17,59
BIRD;Transportation & Logistic;ya;3.865.744.500.000;10,05;6,59;11,14
BNGA;Financials;tidak;41.567.608.919.280;11,82;1,85;24,89
BTPS;Financials;ya;7.626.663.000.000;12,06;5,28;25,39
CBDK;Properties & Real Estate;ya;26.247.213.035.000;11,39;6,04;54,49
CLPI;Basic Materials;ya;505.458.525.000;11,37;8,01;6,96
CPRO;Consumer Non-Cyclicals;ya;3.395.625.818.859;11,18;5,87;4,26
DMAS;Properties & Real Estate;ya;6.795.933.665.100;12,1;11,24;61,13
DSSA;Energy;ya;311.110.499.200.000;10,2;5,22;8,26
DVLA;Healthcare;ya;1.797.600.000.000;11,08;6,98;7,35
ELSA;Energy;ya;5.765.815.000.000;13,52;6,55;4,96
EMTK;Technology;tidak;50.676.822.473.475;12,72;11,17;35,51
ENRG;Energy;ya;44.788.591.425.000;11,13;5,02;18,38
EPMT;Consumer Non-Cyclicals;ya;6.392.390.400.000;10,03;6,01;2,39
FORE;Consumer Non-Cyclicals;ya;8.338.665.917.450;13,24;7,77;6,02
GHON;Infrastructures;ya;984.500.000.000;10,05;5,34;36,97
GJTL;Consumer Cyclicals;ya;4.164.336.000.000;11,89;5,74;7,04
ICBP;Consumer Non-Cyclicals;ya;79.009.426.700.000;12,52;6,81;12,32
IFII;Basic Materials;ya;2.070.640.000.000;13,25;10,75;14,3
IKBI;Industrials;ya;679.320.000.000;10,62;8,17;5
IRRA;Healthcare;ya;617.600.000.000;11,34;2,69;5,96
ISAT;Infrastructures;ya;64.340.367.859.215;13,95;4,64;9,75
ITMG;Energy;ya;30.112.501.250.000;10,01;7,94;10,15
JRPT;Properties & Real Estate;ya;14.137.237.414.500;11,81;8,56;39,79
LSIP;Consumer Non-Cyclicals;ya;11.764.437.839.625;13,49;12,15;34,25
MAHA;Energy;ya;2.516.566.000.000;12,75;8,09;8,3
MAIN;Consumer Non-Cyclicals;ya;1.914.131.250.000;13,67;6,9;3,1
MAPI;Consumer Cyclicals;ya;20.169.000.000.000;12,96;6,8;5,18
MDLA;Healthcare;ya;3.026.770.200.000;12,62;5,96;2,63
MEGA;Financials;tidak;25.687.967.940.050;13,42;2,39;28,36
MTDL;Technology;ya;6.936.439.790.525;12,89;6,2;3
NISP;Financials;tidak;30.098.403.242.400;11,53;1,64;24,07
NOBU;Financials;tidak;3.886.921.216.500;11,55;1,17;16,27
NRCA;Infrastructures;ya;1.535.198.881.560;12,84;6,04;4,86
OMED;Healthcare;ya;7.792.948.800.000;13,33;11,47;17,78
PANS;Financials;tidak;1.256.400.000.000;11,6;7,24;40,73
PBID;Basic Materials;ya;3.937.500.000.000;13,6;11,51;7,72
POWR;Infrastructures;ya;11.824.059.660.000;10,08;6,05;13,02
PTBA;Energy;ya;33.064.292.047.500;12,95;6,67;6,87
PTSN;Technology;ya;1.626.189.264.000;11,01;6,12;5,77
RAJA;Energy;ya;17.500.121.550.000;10,64;5,7;10,22
RMKE;Energy;ya;14.087.500.000.000;12,35;8,51;10,91
ROTI;Consumer Non-Cyclicals;ya;3.990.285.332.760;12,64;7,31;6,88
SCMA;Consumer Cyclicals;tidak;18.492.642.376.250;10,15;7,89;11,19
SILO;Healthcare;ya;32.515.312.500.000;11,21;7,67;8,66
SKLT;Consumer Non-Cyclicals;ya;1.519.629.100.000;11,71;6,4;4,35
SMAR;Consumer Non-Cyclicals;ya;17.663.989.200.900;11,52;5,72;2,97
SMGA;Basic Materials;ya;778.750.000.000;12,33;5,14;2,48
SONA;Consumer Cyclicals;ya;1.708.992.000.000;12,19;9,09;9,9
SPTO;Industrials;ya;1.674.000.000.000;11,04;8,07;9,75
SRTG;Financials;ya;24.348.878.825.000;12,42;11,71;255,34
TBIG;Infrastructures;tidak;39.536.464.031.525;11,21;3,09;20,65
TEBE;Energy;ya;1.619.100.000.000;10,83;10,3;27,47
TINS;Basic Materials;ya;26.662.957.365.320;11,56;6,43;13,32
TOTO;Industrials;ya;2.786.400.000.000;13,67;9,98;14,92
TOWR;Infrastructures;tidak;28.130.697.375.956;13,58;4,76;27,6
TPMA;Energy;ya;1.876.469.718.190;11,91;6,25;15,75
UANG;Consumer Cyclicals;ya;4.392.300.000.000;13,77;4,61;24,17
UNIC;Basic Materials;ya;4.753.308.901.200;11,45;10,08;9,23
VICI;CONSUMER GOODS INDUSTRY;ya;4.125.420.000.000;12,52;10,22;9,69
WBSA;Transportation & Logistic;ya;11.537.750.000.000;10,02;2,86;2,14
TLKM;Infrastructures;ya;278.364.828.646.000;14,04;7,45;19,85
MSIN;Consumer Cyclicals;ya;48.540.942.564.000;14,23;11,56;25,44
UNTR;Industrials;ya;108.360.425.700.800;14,36;8,34;11,28
IPCM;Infrastructures;ya;1.701.709.174.200;14,45;11,46;13,32
TSPC;Healthcare;ya;11.004.068.892.000;14,56;10,75;10,04
BRIS;Financials;ya;81.060.482.809.225;14,57;1,66;39,22
KLBF;Healthcare;ya;40.493.583.682.100;14,82;11,94;10,38
BFIN;Financials;tidak;12.031.506.896.000;14,85;6,21;28,16
BREN;Infrastructures;tidak;596.686.541.200.000;14,96;3,42;21,84
MYOR;Consumer Non-Cyclicals;ya;38.121.583.031.125;15,6;9,13;7,41
ADMR;Energy;ya;75.632.313.275.000;15,79;9,38;27,88
GOOD;Consumer Non-Cyclicals;ya;12.914.265.509.250;15,79;7,38;5,25
DSNG;Consumer Non-Cyclicals;ya;18.602.723.412.000;15,81;10,45;14,95
AKRA;Energy;ya;31.716.089.868.000;15,84;6,76;5,37
TMAS;Transportation & Logistic;ya;7.188.489.000.000;15,84;9,44;11,48
IBST;Infrastructures;ya;11.448.919.256.325;15,95;10,43;47,19
STTP;Consumer Non-Cyclicals;ya;12.641.500.000.000;16,12;14,74;22,54
CNMA;Consumer Cyclicals;ya;8.667.880.000.000;16,24;10,42;12,03
ULTJ;Consumer Non-Cyclicals;ya;17.572.916.088.000;16,27;14,62;15,43
CLEO;Consumer Non-Cyclicals;ya;9.360.000.000.000;16,51;12,65;13,51
SUPR;Infrastructures;ya;49.882.869.757.300;16,51;13,04;69,32
CPIN;Consumer Non-Cyclicals;ya;65.755.980.000.000;16,53;12,31;7,98
MIKA;Healthcare;ya;26.771.901.887.500;16,7;14,73;25,42
BBRI;Financials;tidak;448.629.800.645.130;17,12;2,65;23,91
HEXA;Industrials;ya;3.729.600.000.000;17,17;6,68;7,19
BMRI;Financials;tidak;405.635.999.982.440;17,19;1,99;28,31
MIDI;Consumer Non-Cyclicals;ya;11.501.741.411.200;17,45;8,68;3,84
AMRT;Consumer Non-Cyclicals;tidak;54.812.342.244.000;17,6;8,01;2,69
IMPC;Industrials;ya;121.893.540.000.000;18,25;11,68;14,52
AVIA;Basic Materials;ya;23.914.072.461.600;18,32;15,77;21,51
CSRA;Consumer Non-Cyclicals;ya;1.865.500.000.000;18,32;10,66;14,23
NCKL;Basic Materials;ya;65.938.037.000.000;18,43;13,64;35,65
IPCC;Infrastructures;ya;2.391.176.038.300;18,85;12,46;27,58
WIIM;Consumer Non-Cyclicals;tidak;4.000.259.512.800;18,93;13,08;6,57
MAPA;Consumer Cyclicals;ya;17.387.440.000.000;19,46;12,14;8,93
ANTM;Basic Materials;ya;89.875.060.071.500;19,7;13,72;8,52
DLTA;Consumer Non-Cyclicals;tidak;1.601.318.100.000;19,82;13,31;22,23
JPFA;Consumer Non-Cyclicals;ya;29.081.906.498.480;20;9,99;6,59
BBCA;Financials;tidak;713.947.452.075.000;20,43;3,63;54,78
ARNA;Industrials;ya;3.626.666.902.144;20,7;13,89;13,74
AADI;Energy;ya;90.327.944.416.000;20,83;13,32;15,48
KEJU;Consumer Non-Cyclicals;ya;3.065.624.999.455;21,23;14,34;11,91
CUAN;Energy;tidak;134.902.680.000.000;21,48;5;11,07
DRMA;Consumer Cyclicals;ya;4.611.764.654.000;22,23;15,22;10,99
SUNI;Energy;ya;1.550.000.000.000;22,43;17,31;19,71
JTPE;Industrials;ya;4.316.791.500.000;23,21;12,74;12,63
SOHO;Healthcare;ya;24.431.488.600.750;23,24;9,75;5,57
HMSP;Consumer Non-Cyclicals;tidak;87.238.557.675.000;23,31;12,82;5,89
MSTI;Technology;ya;4.238.211.870.000;23,96;15,86;10,07
ADES;Consumer Non-Cyclicals;ya;11.827.430.840.000;24,71;20,78;27,19
MERK;Healthcare;ya;1.881.600.000.000;25;19,17;20,31
ATIC;Technology;ya;1.261.871.938.475;25,87;3,98;2,46
SMSM;Consumer Cyclicals;ya;10.365.615.792.000;26,11;21,78;21,07
MDIY;Consumer Cyclicals;ya;21.915.641.040.000;26,32;14,55;14
RATU;Energy;ya;16.765.457.215.000;26,97;20,08;30,95
BYAN;Energy;ya;380.000.019.000.000;28,5;22,75;22,4
TRIM;Financials;tidak;4.052.301.000.000;28,6;8,69;35,33
CMRY;Consumer Non-Cyclicals;ya;33.643.055.920.000;29,96;23,26;18,96
HRTA;Consumer Cyclicals;tidak;12.618.418.976.000;30,29;7,76;2,2
TLDN;Consumer Non-Cyclicals;ya;8.091.581.375.000;30,36;18,39;20,41
BSSR;Energy;ya;10.413.670.000.000;30,76;22,69;11,93
PALM;Consumer Non-Cyclicals;ya;5.758.232.051.628;31,1;20,09;17759
TOTL;Infrastructures;ya;4.074.950.000.000;31,15;10,25;10,62
MARK;Industrials;ya;3.097.000.252.650;31,45;27,76;33,9
TAPG;Consumer Non-Cyclicals;ya;41.690.334.000.000;31,68;25,19;32,47
SKRN;Industrials;ya;3.615.000.000.000;32,53;14,28;25,46
PBSA;Infrastructures;ya;3.450.000.000.000;34,42;22,49;20,1
NICK;Financials;tidak;794.403.000.000;34,76;34,43;98,31
GEMS;Energy;ya;46.617.647.525.000;36,44;21,58;10,7
YUPI;Consumer Non-Cyclicals;;13.414.847.259.000;39,32;21,17;20,88
SIDO;Healthcare;ya;15.000.000.000.000;39,39;33,39;30,13
SSMS;Consumer Non-Cyclicals;tidak;13.144.500.000.000;39,46;8,54;7,84
MLPT;Technology;ya;40.406.250.000.000;44,21;8,98;8,77
PBRX;Consumer Cyclicals;tidak;816.317.073.348;44,34;12,55;9,6
NICL;Basic Materials;ya;9.306.189.293.625;44,36;39,45;23,38
KRAS;Basic Materials;tidak;5.610.455.101.000;44,86;11,77;33,91
DWGL;Energy;ya;2.553.778.593.516;44,93;11,23;6,43
DEWA;Energy;ya;20.180.967.385.024;50,13;25,73;67,37
DAYA;Consumer Non-Cyclicals;ya;2.602.088.051.875;54;5,94;2,66
MLBI;Consumer Non-Cyclicals;tidak;12.273.275.000.000;87,14;34,23;33,4
UNVR;Consumer Non-Cyclicals;ya;58.560.250.000.000;170,75;38,17;23,92
LPPF;Consumer Cyclicals;ya;3.680.995.226.400;265,8;14,12;12,54
VIVA;Consumer Cyclicals;tidak;856.142.060.800;1470,86;86,38;786,5
