Ticker,Sektor,Syariah,MktCap,Value_MA20,ROE,ROA,NPM,CAR,NPL,EPS_5Y,DPS_5Y,FCF_5Y,PR_5Y,DY_5Y,ICR,DebtEBITDA,Median_PER_3Y,Median_PBV_3Y
AADI,Energy,ya,65.409.890.784.000,134105709686.6211,18.58,12.15,67.28,,,"[null, 0.3039664046462031, 0.15099301378284308, 0.12079561877174007, 0.09809475335029737]","[null, null, null, null, 538.08]","[null, 3015253000.0, 323003000.0, 827398000.0, 534629000.0]","[null, null, null, null, 5485.3087]","[null, null, null, null, 0.0819]",21.5,,9.458133096322559,12733.079698350695
AALI,Consumer Non-Cyclicals,ya,12.462.356.956.175,21122882500.0,6.39,5.62,20.9,,,"[null, 893.4729445714389, 520.3452183072842, 579.8994357606049, 789.3308208289362]","[255.0, 444.0, 401.0, 249.0, 307.0]","[null, 455953000000.0, 1302401000000.0, 2438592000000.0, 3428610000000.0]","[null, 0.4969, 0.7706, 0.4294, 0.3889]","[null, null, null, 0.0438, 0.0434]",17.18,,10.097954290190295,1.6197793744507782
ABMM,Industrials,ya,6.607.596.000.000,2062851000.0,7.07,3.1,28.4,,,"[null, 0.09803623320796247, 0.09692131280854253, 0.04691582531323295, 0.023916069267675928]","[null, 267.0, 400.0, 295.0, 153.0]","[null, 139228998.0, -47474262.0, 75879432.0, 159479479.0]","[null, 2723.4829, 4127.0592, 6287.857, 6397.3723]","[null, null, null, 0.0904, 0.0569]",1.99,,6.891959068295139,1.8900519565160445
ACES,Consumer Cyclicals,ya,6.129.099.512.600,10207012836.830444,10.14,7.85,7.74,,,"[null, 38.96582315435081, 45.023960588348395, 52.258757071696415, 39.23952494537723]","[32.15, 20.59, 31.06, 33.5, 33.87]","[null, 511348997571.0, 1174683322814.0, 603087794088.0, 1459600691052.0]","[null, 0.5284, 0.6899, 0.641, 0.8632]","[null, null, null, 0.0497, 0.0905]",10.61,,9.188353289874676,1.498287084113258
ADES,Consumer Non-Cyclicals,ya,11.827.430.840.000,1408634625.0,24.71,20.78,27.19,,,"[null, 618.598228597574, 670.8148914993236, 892.1795800217699, 1248.9230744139]","[null, null, null, null, null]","[null, -3243000000.0, 379456000000.0, 260965000000.0, 178231000000.0]","[null, null, null, null, null]","[null, null, null, null, null]",21300.52,,10.097954290190295,1.6197793744507782
ADMR,Energy,ya,75.632.313.275.000,60326791900.0,15.79,9.38,27.88,,,"[null, 0.008126900942173785, 0.01078759160298869, 0.010680799846261215, 0.0065442706088001115]","[null, null, null, null, 47.82]","[null, 458417068.0, 161857150.0, 118465000.0, -484706000.0]","[null, null, null, null, 7307.155]","[null, null, null, null, 0.0315]",2573.45,,9.458133096322559,12733.079698350695
ADRO,Energy,ya,67.596.285.620.000,114174607700.0,9.13,6.89,105.2,,,"[null, 0.08615696918900013, 0.015349171853147228, 0.015987637359012992, 0.015421502609845598]","[226.44, 141.39, 692.04, 1673.97, 311.83]","[null, 3460645000.0, 564985000.0, 1178680000.0, -207442000.0]","[null, 1641.0744, 45086.4715, 104704.0261, 20220.468]","[null, null, null, 0.8479, 0.1808]",52.84,,9.458133096322559,12733.079698350695
AKRA,Energy,ya,31.716.089.868.000,32304037275.0,15.84,6.76,5.37,,,"[null, 121.08967919597367, 139.80195188003609, 112.22014491672763, 124.76464356533634]","[27.0, 42.0, 150.0, 100.0, 100.0]","[null, 2338661858000.0, 2853380374000.0, 159237498000.0, 2875560122000.0]","[null, 0.3469, 1.0729, 0.8911, 0.8015]","[null, null, null, 0.0998, 0.082]",45.49,,9.458133096322559,12733.079698350695
AMMN,Basic Materials,tidak,239.310.118.264.800,794162725550.0,9.7,3.86,66.99,,,"[null, 0.015100836193287526, 0.006334328267417563, 0.009787865950849984, 0.003777777668674324]","[null, null, null, null, null]","[null, 298237000.0, -1640818000.0, -1640103000.0, -1847388000.0]","[null, null, null, null, null]","[null, null, null, null, null]",1.9,,8.160664661774092,2.445025625154248
AMRT,Consumer Non-Cyclicals,tidak,54.812.342.244.000,246063292497.2827,17.6,8.01,2.69,,,"[null, 68.35199188165976, 82.0146006267498, 75.76017220408082, 81.8315162350033]","[9.3, 18.78, 24.06, 28.68, 34.11]","[null, 3041673000000.0, 2286652000000.0, 3224239000000.0, 2680157000000.0]","[null, 0.2748, 0.2934, 0.3786, 0.4168]","[null, null, null, 0.0105, 0.0178]",32.93,,10.097954290190295,1.6197793744507782
ANTM,Basic Materials,ya,69.689.217.702.500,603448415277.5072,21.0,13.4,28.93,,,"[null, 191.41715853841484, 114.18171164502078, 164.97125692520774, 227.9888336198549]","[16.73994, 38.73666, 79.5016, 128.0712, 151.77267]","[null, 3397036000000.0, 2917959000000.0, 2456849000000.0, 4153893000000.0]","[null, 0.2024, 0.6963, 0.7763, 0.6657]","[null, null, null, 0.0946, 0.0517]",125.24,,8.160664661774092,2.445025625154248
ARNA,Industrials,ya,3.274.278.215.296,1804862400.0,18.78,12.85,59.94,,,"[null, 81.87446944086673, 63.296075134102786, 60.42112847378101, 56.886580642342665]","[30.0, 45.0, 55.0, 43.0, 43.0]","[null, 318122883896.0, 144218316634.0, 423410123921.0, 361425319489.0]","[null, 0.5496, 0.8689, 0.7117, 0.7559]","[null, null, null, 0.0726, 0.0884]",72.0,,6.891959068295139,1.8900519565160445
ASGR,Industrials,ya,2.212.000.020.000,1175154925.0,12.94,8.68,9.05,,,"[null, 71.96945685380238, 106.75691421599095, 152.952920920393, 201.79981867842162]","[16.0, 27.0, 34.0, 53.0, 80.0]","[null, 253937000000.0, 85134000000.0, 427891000000.0, 363564000000.0]","[null, 0.3752, 0.3185, 0.3465, 0.3964]","[null, null, null, 0.0749, 0.0768]",124.04,,6.891959068295139,1.8900519565160445
ASII,Industrials,ya,241.889.230.011.500,508411504725.0,11.27,6.46,10.13,,,"[null, 753.4409008948426, 864.9634861746284, 847.2958465259339, 811.119707880691]","[132.0, 282.0, 650.0, 519.0, 406.0]","[null, 25487000000000.0, 11648000000000.0, 27521000000000.0, 27254000000000.0]","[null, 0.3743, 0.7515, 0.6125, 0.5005]","[null, null, null, 0.1208, 0.0637]",14.2,,6.891959068295139,1.8900519565160445
ASSA,Transportation & Logistic,ya,2.971.365.701.185,5776065325.0,13.08,4.93,6.97,,,"[null, 28.282583972820323, 28.689260397452703, 65.87142575616107, 113.49087296000464]","[null, null, null, 40.0, 50.0]","[null, -399660821308.0, 266899246867.0, 316666762010.0, 794473964135.0]","[null, null, null, 0.6072, 0.4406]","[null, null, null, 0.0615, 0.0444]",3.64,,9.861589360740501,2.306618910758991
AUTO,Consumer Cyclicals,ya,12.386.713.810.000,6535223950.0,13.0,9.75,11.08,,,"[null, 275.75358856576156, 382.3206925152819, 391.3469123254158, 457.5419708835162]","[26.5, 62.0, 128.0, 189.0, 192.0]","[null, 318673000000.0, 1264936000000.0, 959346000000.0, 1399873000000.0]","[null, 0.2248, 0.3348, 0.4829, 0.4196]","[null, null, null, 0.0955, 0.0761]",71.3,,9.188353289874676,1.498287084113258
AVIA,Basic Materials,ya,21.559.837.348.800,4699284830.0,18.19,15.53,76.49,,,"[null, 23.838711067821652, 28.1342368510768, 28.128976239537792, 29.499353892607157]","[null, 18.0, 22.0, 22.0, 22.0]","[null, 1210621000000.0, 1316398000000.0, 1277446000000.0, 1235615000000.0]","[null, 0.7551, 0.782, 0.7821, 0.7458]","[null, null, null, 0.0599, 0.045]",862.37,,8.160664661774092,2.445025625154248
BBCA,Financials,tidak,695.641.107.150.000,2392269829625.0,22.39,3.54,221.88,18.0,2.5,"[null, 331.22734514151506, 387.8734895775838, 440.8033232830224, 461.11851114854613]","[111.4, 155.0, 212.5, 277.5, 305.0]","[null, 30424257000000.0, 52964427000000.0, 49647050000000.0, 75057575000000.0]","[null, 0.468, 0.5479, 0.6295, 0.6614]","[null, null, null, 0.0311, 0.0394]",,,6.4616081780493015,0.7414960278359822
BBNI,Financials,tidak,137.358.544.003.920,301827539800.0,11.36,1.47,23.28,18.0,2.5,"[null, 26322.83782298607, 28977.921770718804, 28598.59193067009, 26883.938860097514]","[22.01131, 73.14845, 196.39006, 280.49518, 374.0575]","[null, 17511310000000.0, 8037804000000.0, -66324582000000.0, 100187435000000.0]","[null, 0.0028, 0.0068, 0.0098, 0.0139]","[null, null, null, 0.0763, 0.093]",,,6.4616081780493015,0.7414960278359822
BBRI,Financials,tidak,442.628.064.181.650,1224071364400.0,16.95,2.6,96.78,18.0,2.5,"[null, 273.3810107803161, 312.707186635175, 266.2267323818301, 267.410450834291]","[89.91268, 174.2515, 288.22139000000004, 454.0, 345.4]","[null, 86967772000000.0, -13148750000000.0, 13948520000000.0, 8272747000000.0]","[null, 0.6374, 0.9217, 1.7053, 1.2916]","[null, null, null, 0.1301, 0.1005]",,,6.4616081780493015,0.7414960278359822
BBTN,Financials,tidak,17.645.506.960.630,21586835200.0,10.08,0.72,48.48,18.0,2.5,"[null, 216.8352464694114, 249.45546219345576, 214.281941751012, 248.8464604908404]","[null, 19.934338, 43.39426, 49.89136, 53.57048]","[null, 222609000000.0, 4320863000000.0, -10390137000000.0, 22450521000000.0]","[null, 0.0919, 0.174, 0.2328, 0.2153]","[null, null, null, 0.0465, 0.0456]",,,6.4616081780493015,0.7414960278359822
BBYB,Financials,tidak,4.044.395.122.038,4243191140.0,13.37,2.98,17.59,18.0,2.5,"[null, -59.00250789335788, -38.0452011435614, 2.068800158990151, 43.691835611824715]","[0.207781, null, null, null, null]","[null, 2890715000000.0, -2257906000000.0, 94110000000.0, 4340185000000.0]","[null, null, null, null, null]","[null, null, null, null, null]",,,6.4616081780493015,0.7414960278359822
BDMN,Financials,tidak,45.089.308.809.060,20440632650.0,7.58,1.55,60.7,18.0,2.5,"[null, 148319.197394113, 156421.11165622718, 154420.5056004785, 177392.08063313254]","[36.08, 56.33, 118.26, 125.48, 113.85]","[null, -8599745000000.0, -7074182000000.0, -1152593000000.0, 11705822000000.0]","[null, 0.0004, 0.0008, 0.0008, 0.0006]","[null, null, null, 0.0549, 0.0487]",,,6.4616081780493015,0.7414960278359822
BFIN,Financials,tidak,10.377.174.697.800,13951916105.862732,13.98,6.06,107.26,18.0,2.5,"[null, 113.51270440411801, 112.50713110156099, 106.28548267420355, 111.44727953891764]","[25.0, 38.0, 60.0, 55.0, 67.0]","[null, -3791425000000.0, -85792000000.0, 344069000000.0, 1241325000000.0]","[null, 0.3348, 0.5333, 0.5175, 0.6012]","[null, null, null, 0.0665, 0.1007]",10.52,,6.4616081780493015,0.7414960278359822
BIRD,Transportation & Logistic,ya,3.865.744.500.000,2665308050.0,10.05,6.59,11.14,,,"[null, 134.425108627574, 173.77202512949873, 208.55604314590673, 220.44410707868033]","[36.0, 60.0, 72.0, 91.0, 120.0]","[null, -30441000000.0, -302592000000.0, -310353000000.0, -843067000000.0]","[null, 0.4463, 0.4143, 0.4363, 0.5444]","[null, null, null, 0.0603, 0.0706]",8.98,,9.861589360740501,2.306618910758991
BJBR,Financials,tidak,7.968.415.375.485,3050562850.0,5.64,0.53,26.31,18.0,2.5,"[null, 741.9289604550413, 571.9611721988211, 440.69513584026487, 371.0646763858847]","[95.47658, 99.11, 104.55, 95.05, 85.25]","[null, -10383775000000.0, 122815000000.0, 3394151000000.0, 7943573000000.0]","[null, 0.1336, 0.1828, 0.2157, 0.2297]","[null, null, null, 0.1268, 0.1171]",,,6.4616081780493015,0.7414960278359822
BJTM,Financials,tidak,7.729.978.412.520,5504206900.0,7.07,0.97,55.34,18.0,2.5,"[null, 503.8243454756915, 479.52660095565216, 420.67751485927647, 501.44479316557175]","[48.85, 52.11, 53.09, 54.39, 54.71]","[null, -8994262000000.0, -9845899000000.0, -3606754000000.0, -6177005000000.0]","[null, 0.1034, 0.1107, 0.1293, 0.1091]","[null, null, null, 0.1237, 0.1123]",,,6.4616081780493015,0.7414960278359822
BKSL,Properties & Real Estate,ya,12.578.167.702.875,15140882185.0,5.39,3.8,239.74,,,"[null, -484.4663659021538, 921.763959036352, 47.290726564023146, 2369.441978208291]","[null, null, null, null, null]","[null, -285820852038.0, -3708404077214.0, 320431169522.0, 613238099136.0]","[null, null, null, null, null]","[null, null, null, null, null]",4.37,,7.940899418816937,0.7977750435360789
BMRI,Financials,tidak,376.991.999.983.680,1090603873300.0,18.63,2.4,128.47,18.0,2.5,"[null, 441.9431900329723, 589.7940467124862, 597.4606921776965, 603.1321931633601]","[110.1359, 180.3178, 264.6684, 353.95752, 466.18436]","[null, 92748840000000.0, -74824994000000.0, -88102174000000.0, 199035811000000.0]","[null, 0.408, 0.4487, 0.5924, 0.7729]","[null, null, null, 0.0759, 0.1015]",,,6.4616081780493015,0.7414960278359822
BNGA,Financials,tidak,41.567.608.919.280,8629445450.0,11.82,1.85,24.89,18.0,2.5,"[null, null, null, null, null]","[44.06, 94.07, 115.16, 122.67, 155.73]","[null, -17173340000000.0, -2500285000000.0, 7267599000000.0, 3301483000000.0]","[null, null, null, null, null]","[null, null, null, 0.0848, 0.0953]",,,6.4616081780493015,0.7414960278359822
BREN,Infrastructures,tidak,441.494.526.000.000,387449607400.0,14.97,3.56,84.85,,,"[null, 0.000681165547611473, 0.000802940539777688, 0.0009127555548113793, 0.000988178160603357]","[null, null, 3.91, 5.81696, null]","[null, 185981000.0, 198595000.0, 151665000.0, 92693000.0]","[null, null, 4869.6009, 6372.9659, null]","[null, null, null, 0.0006, null]",3.68,,10.786604321351023,1.632544489754265
BRIS,Financials,ya,81.060.482.809.225,40426122250.0,14.57,1.66,39.22,18.0,2.5,"[null, 93.13277321993735, 123.19517407457147, 150.225885271512, 162.49787649205498]","[null, 17.952131, 9.235314, 18.547045, 22.781273]","[null, -156267000000.0, 223160000000.0, 2742130000000.0, 11207481000000.0]","[null, 0.1928, 0.075, 0.1235, 0.1402]","[null, null, null, 0.007, 0.0104]",,,6.4616081780493015,0.7414960278359822
BRPT,Basic Materials,ya,181.869.603.005.360,674082037875.0,8.85,3.17,21.72,,,"[null, 1.8770326776158102e-05, 0.0002786843968653468, 0.0006027419770463412, -0.01032168872769998]","[2.708643, 3.103745, 1.58746, 0.873, null]","[null, -312405000.0, 16516000.0, -631466000.0, -603639000.0]","[null, 165353.8075, 5696.2644, 1448.381, null]","[null, null, null, 0.0009, null]",5.1,,8.160664661774092,2.445025625154248
BSSR,Energy,ya,10.361.340.000.000,4088611850.0,29.91,22.72,53.29,,,"[null, 0.09177004285547678, 0.06201761131282247, 0.050077926005355246, 0.032046102177967516]","[435.322, 1907.69225, 691.33575, 642.7348, 500.79742999999996]","[null, 268148434.0, 79124724.0, 100895394.0, 127731453.0]","[null, 20787.745, 11147.4102, 12834.6929, 15627.4054]","[null, null, null, 0.1674, 0.1287]",1036.98,,9.458133096322559,12733.079698350695
BTPS,Financials,ya,7.626.663.000.000,5074227325.0,12.06,5.28,25.39,18.0,2.5,"[null, 230.99848124926984, 140.25714916209094, 137.76185469319938, 155.92909900437454]","[33.0, 61.75, 92.5, 70.15, 74.0]","[null, 1927979000000.0, 1568989000000.0, 1702234000000.0, 1660665000000.0]","[null, 0.2673, 0.6595, 0.5092, 0.4746]","[null, null, null, 0.0842, 0.0642]",,,6.4616081780493015,0.7414960278359822
BWPT,Consumer Non-Cyclicals,tidak,2.616.599.153.000,5789122645.0,12.68,3.64,26.81,,,"[null, 6.082125845423293, 11.162377418309703, 7.680224026139502, 11.19532092676675]","[null, null, null, null, null]","[null, 293271000000.0, 331575000000.0, 586595000000.0, 1002507000000.0]","[null, null, null, null, null]","[null, null, null, null, null]",2.82,,10.097954290190295,1.6197793744507782
BYAN,Energy,ya,327.500.016.375.000,1316611250.0,25.49,21.0,89.64,,,"[null, 0.06519529689442514, 0.037157490722125465, 0.027679284686035765, 0.023037464268126785]","[128.628, 904.56, 586.908, 291.28499999999997, 194.84]","[null, 1931631891.0, 515634669.0, 880237370.0, 806621909.0]","[null, 13874.6205, 15795.1462, 10523.574, 8457.528]","[null, null, null, 0.0145, 0.0124]",239.32,,9.458133096322559,12733.079698350695
CBDK,Properties & Real Estate,ya,26.247.213.035.000,12861380853.07251,11.39,6.04,54.49,,,"[null, 42.03397133906438, 102.25862516358055, 161.13215897472162, 241.1323825643303]","[null, null, null, null, 5.0]","[null, 597120455000.0, 958787955000.0, 1614757193000.0, 555498912000.0]","[null, null, null, null, 0.0207]","[null, null, null, null, 0.0006]",60.3,,7.940899418816937,0.7977750435360789
CDIA,Infrastructures,tidak,106.104.968.495.000,72437253700.0,8.79,5.24,241.84,,,"[null, null, null, 0.00022051570542707297, 0.0003898193964617182]","[null, null, null, null, null]","[null, null, null, -70456668.0, -176911112.0]","[null, null, null, null, null]","[null, null, null, null, null]",5.67,,10.786604321351023,1.632544489754265
CLEO,Consumer Non-Cyclicals,ya,9.312.000.000.000,1813074220.0,15.82,11.81,49.73,,,"[null, 9.383348800911323, 14.213904167306078, 20.36287502085898, 16.77517440982098]","[2.5, 0.5, 0.825, 2.525, 2.5]","[null, -91612228676.0, 123850874724.0, -28306116695.0, 109154974115.0]","[null, 0.0533, 0.058, 0.124, 0.149]","[null, null, null, 0.0032, 0.0054]",19.59,,10.097954290190295,1.6197793744507782
CMRY,Consumer Non-Cyclicals,ya,33.643.055.920.000,12346296200.0,29.96,23.26,18.96,,,"[null, 133.69283290355685, 155.139751921629, 191.55981075444575, 255.26125136818237]","[null, 63.01, 70.0, 90.0, 250.0]","[null, -254715000000.0, 918251000000.0, 1330910000000.0, 1242909000000.0]","[null, 0.4713, 0.4512, 0.4698, 0.9794]","[null, null, null, 0.0179, 0.0452]",33254.14,,10.097954290190295,1.6197793744507782
CNMA,Consumer Cyclicals,ya,8.667.880.000.000,1186208730.0,16.24,10.42,12.03,,,"[null, 5.528151039167187, 8.258436902671907, 8.753009878711946, 8.462483677991136]","[null, null, null, 12.745097999999999, 8.82353]","[null, 1203636000000.0, 975092000000.0, 733663000000.0, 1086686000000.0]","[null, null, null, 1.4561, 1.0427]","[null, null, null, 0.0743, 0.0801]",7.69,,9.188353289874676,1.498287084113258
CPIN,Consumer Non-Cyclicals,ya,65.755.980.000.000,58014573977.68555,16.53,12.31,7.98,,,"[null, 183.15975978315197, 150.93012975098083, 226.42553969996342, 344.1799609708501]","[112.0, 108.0, 100.0, 30.0, 108.0]","[null, -982784000000.0, 1662751000000.0, 3404188000000.0, 4002566000000.0]","[null, 0.5896, 0.6626, 0.1325, 0.3138]","[null, null, null, 0.0067, 0.0251]",16.47,,10.097954290190295,1.6197793744507782
CPRO,Consumer Non-Cyclicals,ya,3.395.625.818.859,3866715185.0,11.18,5.87,4.26,,,"[null, 9.407221651317387, 10.295144765468182, 10.392472769756777, 11.06180492354035]","[null, null, null, null, null]","[null, 118655000000.0, 206327000000.0, 561951000000.0, 141684000000.0]","[null, null, null, null, null]","[null, null, null, null, null]",5.19,,10.097954290190295,1.6197793744507782
CTRA,Properties & Real Estate,ya,11.955.523.439.475,11850265400.0,9.18,5.5,98.57,,,"[null, 100.47656558755827, 99.59631805567253, 111.38164789202166, 141.69264775298274]","[8.5, 14.0, 15.0, 21.0, 24.0]","[null, 3399751000000.0, 3099911000000.0, 2095497000000.0, -642013000000.0]","[null, 0.1393, 0.1506, 0.1885, 0.1694]","[null, null, null, 0.022, 0.0289]",6.53,,7.940899418816937,0.7977750435360789
CUAN,Energy,tidak,70.823.907.000.000,492566087510.0,21.79,4.96,36.86,,,"[null, 0.0003264671826806535, 0.0001389778582355276, -0.00011928393600157618, -0.00016092267646525605]","[null, null, null, null, 0.32076]","[null, 23775851.729136, -12907000.0, -172899000.0, -541339000.0]","[null, null, null, null, null]","[null, null, null, null, 0.0001]",2.83,,9.458133096322559,12733.079698350695
DEWA,Energy,ya,13.589.603.037.496,262828985530.0,54.87,27.15,279.52,,,"[null, -6.131506889358212, 0.8674566154341555, 1.9672241188765385, 32.77858381784473]","[null, null, null, null, null]","[null, 2084675000.0, 923062930000.0, -822699638000.0, -132796197000.0]","[null, null, null, null, null]","[null, null, null, null, null]",18.45,,9.458133096322559,12733.079698350695
DKFT,Basic Materials,ya,4.003.155.086.000,5073400250.0,45.97,21.89,133.22,,,"[null, 12.151377004672202, 15.491130938366647, 38.87742734015172, 103.03051715257668]","[null, null, null, null, 35.0]","[null, 229674179273.0, 88815560619.0, 611875905517.0, 333377403844.0]","[null, null, null, null, 0.3397]","[null, null, null, null, 0.0483]",557.43,,8.160664661774092,2.445025625154248
DMAS,Properties & Real Estate,ya,6.795.933.665.100,22440312625.0,12.1,11.24,61.13,,,"[null, 25.234301701712123, 25.100518645802282, 27.663554467321866, 16.601076663597688]","[18.5, 17.5, 22.0, null, 29.0]","[null, 1178774575267.0, 1298711079695.0, 675376786382.0, -30153277888.0]","[null, 0.6935, 0.8765, null, 1.7469]","[null, null, null, null, 0.2248]",35.19,,7.940899418816937,0.7977750435360789
DRMA,Consumer Cyclicals,ya,4.588.235.242.500,1608156125.0,21.33,14.63,42.32,,,"[null, 74.05507278366231, 119.96185048319421, 123.22328319942093, 129.99879841439042]","[null, 14.97, 20.94, 36.4, 43.0]","[null, -156891611262.0, 405722548770.0, 219559565306.0, 610058582694.0]","[null, 0.2021, 0.1746, 0.2954, 0.3308]","[null, null, null, 0.0442, 0.0437]",26.86,,9.188353289874676,1.498287084113258
DSNG,Consumer Non-Cyclicals,ya,12.613.812.456.000,12209532443.582764,15.77,10.71,65.92,,,"[null, 113.71104082422048, 80.2614829422439, 109.1970270719607, 174.58527941998386]","[12.5, 20.0, 30.0, 22.0, 24.0]","[null, -510534000000.0, -369822000000.0, 86481000000.0, 951908000000.0]","[null, 0.1759, 0.3738, 0.2015, 0.1375]","[null, null, null, 0.0249, 0.0162]",7.18,,10.097954290190295,1.6197793744507782
DSSA,Energy,ya,311.110.499.200.000,771171328590.0,10.2,5.22,8.26,,,"[null, 0.0038123778605875236, 0.0027543032568061137, 0.0019830610584159873, 0.0014534589395238005]","[null, null, null, null, null]","[null, 1903694283.0, 724956234.0, 289562162.0, -137300202.0]","[null, null, null, null, null]","[null, null, null, null, null]",7.5,,9.458133096322559,12733.079698350695
ELPI,Transportation & Logistic,ya,13.008.060.000.000,1597722200.0,6.97,5.34,97.45,,,"[null, 11.387260656818412, 18.387458020048758, 29.38154638774815, 22.24453927776203]","[null, null, 3.422802, 5.158769, 11.054505]","[null, 125241000000.0, -236419000000.0, 309239000000.0, 37259000000.0]","[null, null, 0.1861, 0.1756, 0.497]","[null, null, null, 0.0152, 0.014]",12.37,,9.861589360740501,2.306618910758991
ELSA,Energy,ya,5.765.815.000.000,15054793750.62622,13.52,6.55,4.96,,,"[null, 53.361623156023555, 69.53876445990436, 98.21011290011839, 100.21766928641847]","[10.23835, 7.45, 25.9, 27.57, 39.11]","[null, 1088783000000.0, 906861000000.0, 1372291000000.0, 1241913000000.0]","[null, 0.1396, 0.3725, 0.2807, 0.3903]","[null, null, null, 0.0747, 0.0846]",12.54,,9.458133096322559,12733.079698350695
EMTK,Technology,tidak,50.676.822.473.475,26282174196.66443,12.72,11.17,35.51,,,"[null, 16.618632152197847, -1.390055214201081, 3.89081668917838, 3.5534842016986086]","[null, 5.0, 5.0, 4.0, 38.0]","[null, -1458557860000.0, 166699000000.0, 837019000000.0, 1287142000000.0]","[null, 0.3009, null, 1.0281, 10.6937]","[null, null, null, 0.0087, 0.0353]",68.93,,12.101348513255012,1.5632451910338614
ENRG,Energy,ya,44.788.591.425.000,88214729775.0,11.13,5.02,18.38,,,"[null, 0.0025170178802713297, 0.0026402507016523107, 0.0031176487148137826, 0.0034615878418482906]","[null, null, null, null, null]","[null, 50608440.0, 27904903.0, -65637626.0, 22645883.0]","[null, null, null, null, null]","[null, null, null, null, null]",5.95,,9.458133096322559,12733.079698350695
ERAA,Consumer Cyclicals,ya,5.965.300.000.000,8299616230.0,13.2,4.58,6.45,,,"[null, 65.55557293106037, 52.57282142821574, 66.00860903889753, 76.76400695063282]","[13.8, 22.8, 19.0, 17.0, 19.0]","[null, -365143751000.0, -180703226000.0, 1316944318000.0, -679492313000.0]","[null, 0.3478, 0.3614, 0.2575, 0.2475]","[null, null, null, 0.0437, 0.0466]",4.05,,9.188353289874676,1.498287084113258
ESSA,Basic Materials,ya,11.542.073.719.000,65247898725.0,8.29,7.41,53.16,,,"[null, 0.008059515286830061, 0.0020093284278563184, 0.0026227168242885486, 0.0023388337977396693]","[null, 5.0, 45.0, 5.0, 10.0]","[null, 317318100.0, 148640938.0, 137771393.0, 96107162.0]","[null, 620.3847, 22395.5424, 1906.4201, 4275.6352]","[null, null, null, 0.0063, 0.0165]",51.0,,8.160664661774092,2.445025625154248
FORE,Consumer Non-Cyclicals,ya,8.338.665.917.450,8234001050.0,13.24,7.77,6.02,,,"[null, -6.722584749068984, 0.19583013520153914, 6.583402311006024, 10.198515945031717]","[null, null, null, null, null]","[null, 17602596047.0, -6459108036.0, 79338985584.0, 125186256168.0]","[null, null, null, null, null]","[null, null, null, null, null]",8.12,,10.097954290190295,1.6197793744507782
GEMS,Energy,ya,44.264.706.325.000,562019000.0,36.44,21.58,10.7,,,"[null, 0.11566319379336806, 0.08812471199875288, 0.08155930384844143, 0.044348168762012245]","[548.41, 1334.17, 1084.45, 1283.63, 586.15]","[null, 689150828.0, 300793222.0, 465772200.0, 227673438.0]","[null, 11534.9573, 12305.8558, 15738.6091, 13217.0057]","[null, null, null, 0.1286, 0.0721]",58.37,,9.458133096322559,12733.079698350695
GJTL,Consumer Cyclicals,ya,4.164.336.000.000,5367873986.642456,11.89,5.74,7.04,,,"[null, -46.759815140291806, 335.61909277128575, 338.76262266670926, 340.33142151024134]","[10.0, null, null, 50.0, 50.0]","[null, -162795000000.0, 397596000000.0, 413738000000.0, -252611000000.0]","[null, null, null, 0.1476, 0.1469]","[null, null, null, 0.0503, 0.0515]",4.92,,9.188353289874676,1.498287084113258
GZCO,Consumer Non-Cyclicals,ya,930.000.000.000,1750194155.0,7.65,4.32,67.29,,,"[null, 13.057398153681444, 0.38136838821515656, 10.430600283073582, 17.98738358815261]","[null, null, null, null, null]","[null, 146811000000.0, 221530000000.0, 133568000000.0, 22851000000.0]","[null, null, null, null, null]","[null, null, null, null, null]",7.98,,10.097954290190295,1.6197793744507782
HEAL,Healthcare,ya,14.520.822.750.000,10490274375.0,5.58,3.36,22.77,,,"[null, 19.521237017946337, 28.523235271930254, 35.0490872023296, 28.110910992230778]","[5.0, 6.0, 7.0, 8.5, 10.5]","[null, -261272000000.0, -271707000000.0, -1144368000000.0, -612151000000.0]","[null, 0.3074, 0.2454, 0.2425, 0.3735]","[null, null, null, 0.0053, 0.0077]",4.17,,12.633935710858788,1.7280584095796077
HEXA,Industrials,ya,3.729.600.000.000,889629850.0,17.17,6.68,7.19,,,"[null, 0.06583590678595715, 0.059272646340967856, 0.06286386328044286, 0.036421694709442856]","[1197.2, 799.07, 768.3, 714.7, 461.27072]","[null, 50043706.0, -36700515.0, 38514225.0, 16968180.0]","[null, 12137.2977, 12962.1343, 11369.0117, 12664.7242]","[null, null, null, 0.1486, 0.1073]",6.47,,6.891959068295139,1.8900519565160445
HMSP,Consumer Non-Cyclicals,tidak,80.841.063.445.500,14347013907.714844,22.18,13.0,24.8,,,"[null, 54.36596072196582, 69.609223396643, 57.1344899874286, 56.82225992854254]","[72.8, 63.3, 54.7, 69.3, 56.2]","[null, 5176514000000.0, 4580237000000.0, 3337281000000.0, 6654045000000.0]","[null, 1.1643, 0.7858, 1.2129, 0.989]","[null, null, null, 0.1291, 0.0839]",339.48,,10.097954290190295,1.6197793744507782
HRTA,Consumer Cyclicals,tidak,11.467.103.376.000,28553724410.980225,34.45,9.17,6.26,,,"[null, 55.05028717321297, 66.40301401527758, 95.9779560393748, 212.45038720388743]","[8.0, 10.0, 12.0, 15.0, 21.0]","[null, -53348261245.0, -452366463618.0, -615228491402.0, 832615109530.0]","[null, 0.1817, 0.1807, 0.1563, 0.0988]","[null, null, null, 0.0448, 0.01]",5.01,,9.188353289874676,1.498287084113258
ICBP,Consumer Non-Cyclicals,ya,79.009.426.700.000,43924022875.0,12.52,6.81,12.32,,,"[null, 393.36333299833956, 599.4363872532693, 607.0506644367285, 791.0306786848258]","[215.0, 215.0, 188.0, 200.0, 250.0]","[null, 7015618000000.0, 10591175000000.0, 10292853000000.0, 8469857000000.0]","[null, 0.5466, 0.3136, 0.3295, 0.316]","[null, null, null, 0.018, 0.0305]",7.37,,10.097954290190295,1.6197793744507782
IMPC,Industrials,ya,121.893.540.000.000,45793852250.0,18.25,11.68,14.52,,,"[null, 5.680929114028457, 8.138133962366462, 9.892141593769965, 11.47328838411248]","[0.545455, 2.0, 33.0, 4.5, null]","[null, 15602209430.0, 287344492903.0, 220757300477.0, 570805272359.0]","[null, 0.3521, 4.055, 0.4549, null]","[null, null, null, 0.0122, null]",9.15,,6.891959068295139,1.8900519565160445
INDF,Consumer Non-Cyclicals,ya,60.804.453.512.500,74904061250.0,8.69,4.82,32.22,,,"[null, 766.8951108799823, 935.7761083429185, 1038.4536169062285, 1228.236149615057]","[278.0, 278.0, 257.0, 267.0, 280.0]","[null, 9645182000000.0, 14492760000000.0, 11818534000000.0, 13939177000000.0]","[null, 0.3625, 0.2746, 0.2571, 0.228]","[null, null, null, 0.0359, 0.0413]",5.93,,10.097954290190295,1.6197793744507782
INKP,Basic Materials,ya,41.989.794.072.175,64465755125.0,6.67,3.69,57.23,,,"[null, 0.15673837941875607, 0.07520805757160558, 0.07755608170886454, 0.08286408583045882]","[50.0, 50.0, 50.0, 50.0, 50.0]","[null, 232573000.0, 287914000.0, -973730000.0, 33663000.0]","[null, 319.0029, 664.8224, 644.6948, 603.3977]","[null, null, null, 0.0074, 0.0059]",2.81,,8.160664661774092,2.445025625154248
INTP,Basic Materials,ya,17.226.453.715.100,15566937602.045898,9.68,7.23,58.61,,,"[null, 561.0806171118393, 593.9189413635648, 611.4846675038923, 684.8263933630072]","[500.0, 500.0, 160.0, 90.0, 259.0]","[null, 1523756000000.0, 2929798000000.0, 2754603000000.0, 2796437000000.0]","[null, 0.8911, 0.2694, 0.1472, 0.3782]","[null, null, null, 0.0141, 0.0383]",16.86,,8.160664661774092,2.445025625154248
IPCC,Infrastructures,ya,2.200.245.632.200,1298729862.810669,18.26,12.66,127.67,,,"[null, 90.20418341009373, 105.19525217346116, 117.16633154330923, 140.6371420416685]","[null, 35.61, 71.47, 86.8113, 95.1063]","[null, 311063475000.0, 221873707000.0, 355324018000.0, 415897668000.0]","[null, 0.3948, 0.6794, 0.7409, 0.6763]","[null, null, null, 0.1444, 0.0738]",10.49,,10.786604321351023,1.632544489754265
IRRA,Healthcare,ya,617.600.000.000,527851410.0,11.34,2.69,5.96,,,"[null, 33.32253338500415, 3.447646433182161, 33.761029366824694, 43.39639210859781]","[12.0, 18.75, null, null, null]","[null, -33360457702.0, -72951755128.0, -456025238761.0, -165015571411.0]","[null, 0.5627, null, null, null]","[null, null, null, null, null]",3.18,,12.633935710858788,1.7280584095796077
ISAT,Infrastructures,ya,64.340.367.859.215,42838630150.0,13.95,4.64,9.75,,,"[null, 31.873828110861506, 106.21369353478899, 149.5814141723707, 166.84158779549045]","[207.0325, 62.014107, 63.925, 67.1, 83.8]","[null, 5247795000000.0, 4670996000000.0, 6423483000000.0, 9095340000000.0]","[null, 1.9456, 0.6019, 0.4486, 0.5023]","[null, null, null, 0.0296, 0.0379]",2.74,,10.786604321351023,1.632544489754265
ITMG,Energy,ya,30.112.501.250.000,68315507000.0,10.01,7.94,10.15,,,"[null, 1.1547599945565414, 0.44391731140030255, 0.33556310162955555, 0.17126213484251623]","[1385.0, 7168.0, 9076.0, 2975.0, 2983.0]","[null, 1281076000.0, 140326000.0, 362630000.0, 165747000.0]","[null, 6207.3505, 20445.2491, 8865.6947, 17417.7439]","[null, null, null, 0.1317, 0.1419]",32.81,,9.458133096322559,12733.079698350695
JARR,Consumer Non-Cyclicals,tidak,14.907.524.055.750,4275234825.0,12.77,6.31,32.21,,,"[null, 17.614020856601226, 18.22601045836887, 28.245584694571924, 29.08580047306559]","[null, null, null, null, 5.65]","[null, -227679817638.0, -180397384654.0, 182949540124.0, 277405026851.0]","[null, null, null, null, 0.1943]","[null, null, null, null, 0.0017]",3.78,,10.097954290190295,1.6197793744507782
JPFA,Consumer Non-Cyclicals,ya,28.730.109.242.450,58355149875.0,23.34,13.07,29.02,,,"[null, 162.48405802161423, 104.93299192389067, 355.80526830028475, 444.04320068186587]","[40.0, 60.0, 50.0, 70.0, 70.0]","[null, -718265000000.0, 288617000000.0, 3120711000000.0, 2193482000000.0]","[null, 0.3693, 0.4765, 0.1967, 0.1576]","[null, null, null, 0.0396, 0.0283]",8.66,,10.097954290190295,1.6197793744507782
JSMR,Infrastructures,ya,21.846.192.312.000,16271421771.96045,5.53,2.18,54.38,,,"[null, 181.68445652666657, 450.40255082208313, 594.92886551765, 499.7874363280607]","[null, null, 75.69393, 37.86353, 156.22919]","[null, -460616000000.0, -1617319000000.0, -6812895000000.0, -7425973000000.0]","[null, null, 0.1681, 0.0636, 0.3126]","[null, null, null, 0.0096, 0.0483]",2.8,,10.786604321351023,1.632544489754265
JTPE,Industrials,ya,4.316.791.500.000,1446095875.0,23.21,12.74,12.63,,,"[null, 18.420024787825973, 31.682605710051128, 34.715450416470695, 58.07580344527521]","[3.75, 5.5, 22.5, 13.0, 17.0]","[null, 23858180427.0, 373078664309.0, 248596769654.0, 756803974364.0]","[null, 0.2986, 0.7102, 0.3745, 0.2927]","[null, null, null, 0.0633, 0.0296]",172.32,,6.891959068295139,1.8900519565160445
KIJA,Properties & Real Estate,ya,2.582.286.157.756,10145623765.0,5.27,2.85,36.72,,,"[null, -89.28573501106762, 768.6326689310995, 513.2943831043871, 601.6659798595698]","[null, null, null, null, 1.766855]","[null, 379242178498.0, 376971000000.0, 1528022000000.0, 2196476000000.0]","[null, null, null, null, 0.0029]","[null, null, null, null, 0.0084]",3.4,,7.940899418816937,0.7977750435360789
KLBF,Healthcare,ya,36.046.311.485.800,58965851689.02527,14.06,11.31,37.37,,,"[null, 74.4879047343202, 60.85666193670319, 71.7669171952152, 79.75469340917367]","[28.0, 35.0, 38.0, 31.0, 36.0]","[null, 401788866092.0, 1729123494164.0, 3534844000000.0, 2460783000000.0]","[null, 0.4699, 0.6244, 0.432, 0.4514]","[null, null, null, 0.024, 0.0307]",136.57,,12.633935710858788,1.7280584095796077
KRAS,Basic Materials,tidak,5.610.455.101.000,1353787505.0,44.86,11.77,33.91,,,"[null, -0.005632584742724501, -0.00682104893686023, -0.00957839854973607, -0.008807715991642182]","[null, null, null, null, null]","[null, 273888000.0, 136165000.0, 63045000.0, -36463000.0]","[null, null, null, null, null]","[null, null, null, null, null]",3.97,,8.160664661774092,2.445025625154248
LPPF,Consumer Cyclicals,ya,3.613.246.848.000,3449675925.0,76.75,11.34,31.11,,,"[null, 926653.2223934262, 528105.5255426518, 667050.3281876089, 522342.3111527108]","[100.0, 250.0, 525.0, 200.0, 300.0]","[null, 2052368000000.0, 1741802000000.0, 1668264000000.0, 1527226000000.0]","[null, 0.0003, 0.001, 0.0003, 0.0006]","[null, null, null, 0.1926, 0.2026]",4.63,,9.188353289874676,1.498287084113258
LSIP,Consumer Non-Cyclicals,ya,11.764.437.839.625,16899666775.0,13.49,12.15,34.25,,,"[null, 162.550692807859, 127.51821629074213, 269.55289658060855, 277.10881860270655]","[20.0, 51.0, 53.0, 39.0, 65.0]","[null, 783483000000.0, 1042545000000.0, 1189084000000.0, 2582421000000.0]","[null, 0.3137, 0.4156, 0.1447, 0.2346]","[null, null, null, 0.0422, 0.0544]",1937.69,,10.097954290190295,1.6197793744507782
MAHA,Energy,ya,2.516.566.000.000,669760412.2655487,12.75,8.09,8.3,,,"[null, 20.112592439728417, 20.62844685124449, 18.98703989485343, 19.259504635817116]","[null, null, null, 12.0, 12.0]","[null, 358230664399.0, 62737130000.0, 241361124000.0, 720029795000.0]","[null, null, null, 0.632, 0.6231]","[null, null, null, 0.0823, 0.0761]",8.6,,9.458133096322559,12733.079698350695
MAIN,Consumer Non-Cyclicals,ya,1.914.131.250.000,1270529922.6855469,13.67,6.9,3.1,,,"[null, 8.109773531293357, 29.267495946532108, 216.98775249796628, 170.54089646152963]","[null, null, null, null, 65.0]","[null, -7622917000.0, 358596011000.0, 743253237000.0, 331358487000.0]","[null, null, null, null, 0.3811]","[null, null, null, null, 0.081]",6.08,,10.097954290190295,1.6197793744507782
MAPA,Consumer Cyclicals,ya,17.387.440.000.000,10879394450.0,19.46,12.14,8.93,,,"[null, 41.56429000030519, 49.268618395902905, 48.017904045068185, 60.674539635695595]","[null, null, 4.0, 5.0, 4.0]","[null, 1270664000000.0, 320782000000.0, 1619638000000.0, 2246032000000.0]","[null, null, 0.0812, 0.1041, 0.0659]","[null, null, null, 0.0047, 0.006]",15.89,,9.188353289874676,1.498287084113258
MAPI,Consumer Cyclicals,ya,20.169.000.000.000,98752312375.0,12.96,6.8,5.18,,,"[null, 111.70472332097037, 116.03480037713246, 113.89801414295631, 136.87419823758796]","[null, null, 8.0, 8.0, 10.0]","[null, 3183432000000.0, -77400000000.0, 3762244000000.0, 4015098000000.0]","[null, null, 0.0689, 0.0702, 0.0731]","[null, null, null, 0.0057, 0.0086]",7.57,,9.188353289874676,1.498287084113258
MARK,Industrials,ya,3.021.000.246.450,18798860575.0,30.18,27.55,118.52,,,"[null, 63.9715302294278, 41.236231254832774, 74.74003399394769, 75.07343008101054]","[15.0, 50.0, 40.0, 70.0, 70.0]","[null, 161644309672.0, 217519259158.0, 331287185603.0, 225890298318.0]","[null, 0.7816, 0.97, 0.9366, 0.9324]","[null, null, null, 0.0779, 0.0903]",242.12,,6.891959068295139,1.8900519565160445
MDIY,Consumer Cyclicals,ya,21.915.641.040.000,908471800.0,26.32,14.55,14.0,,,"[null, 4.062699778550488, 13.07320006562592, 42.67185695342809, 44.236332784358055]","[null, null, null, null, null]","[null, 35785000000.0, 156624000000.0, 60552000000.0, 579645000000.0]","[null, null, null, null, null]","[null, null, null, null, null]",8.94,,9.188353289874676,1.498287084113258
MIDI,Consumer Non-Cyclicals,ya,9.161.270.775.200,7507397942.402344,18.05,8.97,14.75,,,"[null, 11.649196117234784, 15.363137448805773, 16.344003980927933, 23.6734483280054]","[1.976327, 2.715672, 3.943175, 4.65, 7.35]","[null, 800568000000.0, 420276000000.0, 437205000000.0, 515344000000.0]","[null, 0.2331, 0.2567, 0.2845, 0.3105]","[null, null, null, 0.0115, 0.0196]",23.19,,10.097954290190295,1.6197793744507782
MIKA,Healthcare,ya,22.530.120.030.000,23863357845.93628,16.2,14.3,101.7,,,"[null, 71.39988206843647, 65.77653136217126, 82.27743375485807, 98.09464138280882]","[36.0, 36.0, 37.0, 34.0, 43.0]","[null, 283172396245.0, 760094729259.0, 1025513767421.0, 958838192193.0]","[null, 0.5042, 0.5625, 0.4132, 0.4384]","[null, null, null, 0.014, 0.0186]",106.05,,12.633935710858788,1.7280584095796077
MLBI,Consumer Non-Cyclicals,tidak,12.273.275.000.000,2567976049.951172,87.14,34.23,33.4,,,"[null, 441.50472471469317, 505.53980054044484, 550.4855493251856, 564.4113094639508]","[475.0, 451.45, 355.0, 586.0, 542.0]","[null, 1171323000000.0, 766978000000.0, 1640554000000.0, 1204080000000.0]","[null, 1.0225, 0.7022, 1.0645, 0.9603]","[null, null, null, 0.1118, 0.1015]",149.41,,10.097954290190295,1.6197793744507782
MLPT,Technology,ya,40.406.250.000.000,816222750.0,44.21,8.98,8.77,,,"[null, 202.5680010509495, 123.8004696697068, 193.3126931262122, 166.74857928140872]","[115.0, 290.0, 181.0, 217.0, 139.5]","[null, 99905000000.0, -26117000000.0, 245152000000.0, 546704000000.0]","[null, 1.4316, 1.462, 1.1225, 0.8366]","[null, null, null, 0.0118, 0.0022]",16.25,,12.101348513255012,1.5632451910338614
MNCN,Consumer Cyclicals,ya,3.190.554.994.520,4334715530.0,5.42,4.99,67.43,,,"[null, 155.49737093467627, 78.07439237637529, 81.13047743233025, 99.89495956748516]","[8.0, null, 5.0, null, null]","[null, 1411678000000.0, 43101000000.0, -456899000000.0, -457446000000.0]","[null, null, 0.064, null, null]","[null, null, null, null, null]",6.0,,9.188353289874676,1.498287084113258
MPMX,Consumer Cyclicals,ya,4.979.203.318.260,12646608047.758484,7.83,5.8,12.03,,,"[null, 129.37063410403584, 119.2262027382934, 124.99544719372315, 104.57249452402029]","[115.0, 180.0, 135.0, 115.0, 120.0]","[null, 667664000000.0, 241328000000.0, 668488000000.0, 18536000000.0]","[null, 1.3914, 1.1323, 0.92, 1.1475]","[null, null, null, 0.156, 0.1478]",12.37,,9.188353289874676,1.498287084113258
MSIN,Consumer Cyclicals,ya,48.540.942.564.000,40420585820.0,14.23,11.56,25.44,,,"[null, 5.5997429312711935, 4.350834344049801, 7.192929119229954, 10.097653257439584]","[0.4, null, null, null, null]","[null, 248685000000.0, 125136000000.0, 9944000000.0, -484462000000.0]","[null, null, null, null, null]","[null, null, null, null, null]",187.71,,9.188353289874676,1.498287084113258
MSTI,Technology,ya,4.238.211.870.000,1870147331.168213,23.96,15.86,10.07,,,"[null, 127.0752287536772, 142.6143312527342, 168.94039155560196, 174.89915549744566]","[null, null, null, 99.84, 134.0]","[null, 92046837890.0, 213221580463.0, 874551643383.0, 665772796911.0]","[null, null, null, 0.591, 0.7662]","[null, null, null, 0.0708, 0.0939]",93.1,,12.101348513255012,1.5632451910338614
MTDL,Technology,ya,6.936.439.790.525,1307405692.809143,12.89,6.2,3.0,,,"[null, 47.283657020711495, 53.0074218336394, 60.25999469799528, 66.30281439596999]","[7.4, 10.5, 14.5, 21.0, 24.0]","[null, 95577000000.0, -111247000000.0, 150778000000.0, -106333000000.0]","[null, 0.2221, 0.2735, 0.3485, 0.362]","[null, null, null, 0.0372, 0.0428]",20.86,,12.101348513255012,1.5632451910338614
MTEL,Infrastructures,ya,43.451.032.270.880,10620693595.0,6.35,3.53,93.22,,,"[null, 22.032291889255, 24.951181650815855, 25.968676826779127, 26.15820903185557]","[null, 11.57, 21.3809, 18.2746, 25.3343]","[null, -4673643000000.0, -1369143000000.0, 3570242000000.0, 4531821000000.0]","[null, 0.5251, 0.8569, 0.7037, 0.9685]","[null, null, null, 0.0296, 0.0362]",2.72,,10.786604321351023,1.632544489754265
MYOR,Consumer Non-Cyclicals,ya,38.121.583.031.125,12127567702.808228,15.6,9.13,7.41,,,"[null, 87.83039388924213, 144.09345426441683, 134.96885399073037, 129.38547422082593]","[52.0, 21.0, 35.0, 55.0, 55.0]","[null, 110355860242.0, 2733452910514.0, -2272832827387.0, 2376315595703.0]","[null, 0.2391, 0.2429, 0.4075, 0.4251]","[null, null, null, 0.0211, 0.0268]",7.1,,10.097954290190295,1.6197793744507782
NCKL,Basic Materials,ya,56.157.754.000.000,72041824825.0,20.0,15.4,146.94,,,"[null, 93.10351922751717, 89.37828867446174, 101.3209429360839, 142.13492883135171]","[null, null, 22.189, 26.716, 30.357]","[null, -2886059000000.0, 2297439000000.0, 4403034000000.0, 7661671000000.0]","[null, null, 0.2483, 0.2637, 0.2136]","[null, null, null, 0.0371, 0.027]",19.38,,8.160664661774092,2.445025625154248
NICL,Basic Materials,ya,9.306.189.293.625,7500720490.0,44.36,39.45,23.38,,,"[null, 14.078119666204083, 2.520555187726897, 29.9136322374793, 32.39622750774696]","[null, null, 7.0, 17.5, 42.0]","[null, 4322509651.0, -47530253729.0, 481408917234.0, 472932526952.0]","[null, null, 2.7772, 0.585, 1.2964]","[null, null, null, 0.0708, 0.0348]",2411.64,,8.160664661774092,2.445025625154248
NISP,Financials,tidak,30.098.403.242.400,6627778475.0,11.53,1.64,24.07,18.0,2.5,"[null, 154.49034883931887, 188.47307415949868, 230.58180278648257, 229.9502330920468]","[null, 22.0, 57.99737, 72.0, 106.0]","[null, -12404331000000.0, 393198000000.0, 36559629000000.0, 29163804000000.0]","[null, 0.1424, 0.3077, 0.3123, 0.461]","[null, null, null, 0.0615, 0.08]",,,6.4616081780493015,0.7414960278359822
NOBU,Financials,tidak,3.886.921.216.500,985652790.0,11.55,1.17,16.27,18.0,2.5,"[null, 13.743358361508497, 19.260250218322195, 44.04291476766356, 64.19994417220717]","[null, null, null, null, null]","[null, -322699000000.0, 1271033000000.0, 1694588000000.0, 1079408000000.0]","[null, null, null, null, null]","[null, null, null, null, null]",,,6.4616081780493015,0.7414960278359822
NRCA,Infrastructures,ya,1.535.198.881.560,2431040226.501465,12.84,6.04,4.86,,,"[null, 35.321294858849846, 48.67408817564646, 63.4309209568972, 63.44377873093422]","[15.0, 15.0, 42.0, 29.0, 22.0]","[null, -9292664252.0, 148300391147.0, 54319128994.0, 8659935812.0]","[null, 0.4247, 0.8629, 0.4572, 0.3468]","[null, null, null, 0.0963, 0.0158]",10.39,,10.786604321351023,1.632544489754265
OMED,Healthcare,ya,7.792.948.800.000,5061648641.188278,13.33,11.47,17.78,,,"[null, 10.581332487059631, 9.601963894419187, 11.916146738306114, 13.60102739480662]","[null, null, 3.17, 2.88, 3.57]","[null, 17246703655.0, -22087381211.0, 260177054627.0, 279190356137.0]","[null, null, 0.3301, 0.2417, 0.2625]","[null, null, null, 0.0167, 0.0177]",27.48,,12.633935710858788,1.7280584095796077
PANI,Properties & Real Estate,ya,133.613.063.785.250,39964171883.33496,5.2,3.32,150.87,,,"[null, 7.488661715804901, 14.845063365682396, 34.437776533741584, 63.32832571184625]","[null, null, null, 1.991092, 3.982185]","[null, -81397992000.0, -950750513000.0, -4693659341000.0, -193203414000.0]","[null, null, null, 0.0578, 0.0629]","[null, null, null, 0.0001, 0.0003]",37.93,,7.940899418816937,0.7977750435360789
PANS,Financials,tidak,1.256.400.000.000,555166800.0,11.6,7.24,40.73,18.0,2.5,"[null, 211.79199839379277, 163.16526835206028, 176.26366671565322, 185.04893251750477]","[100.0, 150.0, 250.0, 180.0, 150.0]","[null, 76299313743.0, 107062247373.0, 224821448824.0, 112106531141.0]","[null, 0.7082, 1.5322, 1.0212, 0.8106]","[null, null, null, 0.1234, 0.1003]",214.36,,6.4616081780493015,0.7414960278359822
PBID,Basic Materials,ya,3.937.500.000.000,501812610.0,13.6,11.51,7.72,,,"[null, 46.986165888166056, 49.901746398928196, 64.57522458256211, 53.33128403968588]","[25.0, 27.5, 25.0, 40.0, 55.0]","[null, 112653762000.0, 433766514000.0, 448724923000.0, 316868732000.0]","[null, 0.5853, 0.501, 0.6194, 1.0313]","[null, null, null, 0.0948, 0.1251]",66.01,,8.160664661774092,2.445025625154248
PBSA,Infrastructures,ya,2.610.000.000.000,1262410850.0,32.42,21.05,71.97,,,"[null, 46.85016145528689, 29.238456014533586, 58.08147043818731, 72.32341042532832]","[13.5, 23.5, 120.0, 13.0, 55.0]","[null, 167060266505.0, 153177031917.0, -70945983384.0, 350469102858.0]","[null, 0.5016, 4.1042, 0.2238, 0.7605]","[null, null, null, 0.0403, 0.0367]",275.25,,10.786604321351023,1.632544489754265
PGAS,Energy,ya,44.240.752.457.700,63672355912.93396,6.51,3.91,26.1,,,"[null, 0.013125973489670824, 0.011614779734858405, 0.015702716996165263, 0.012324848659547687]","[null, 124.42, 141.05356, 148.30606, 182.08102]","[null, 836999860.0, 601405840.0, 646335795.0, 449341825.0]","[null, 9478.916, 12144.3164, 9444.6114, 14773.4893]","[null, null, null, 0.1114, 0.1028]",9.77,,9.458133096322559,12733.079698350695
PGEO,Infrastructures,ya,37.500.084.382.585,17714040525.0,7.14,4.89,128.08,,,"[null, 0.003039174494575997, 0.0039044346808988976, 0.0038304481807168215, 0.0032863610050230174]","[null, null, 10.872752, 47.77364, 53.093704]","[null, 189366000.0, 187076000.0, 154876000.0, 229122000.0]","[null, null, 2784.7186, 12472.0758, 16155.7735]","[null, null, null, 0.0558, 0.0496]",7.47,,10.786604321351023,1.632544489754265
POWR,Infrastructures,ya,11.824.059.660.000,5604679675.0,10.08,6.05,13.02,,,"[null, 0.00456429709604286, 0.004804361408944534, 0.004914423174217068, 0.004520342915949824]","[57.55883, 65.00183, 71.156, 72.158463, 69.78584]","[null, 107445223.0, 124725293.0, 102335492.0, 91905221.0]","[null, 14241.367, 14810.7093, 14682.9975, 15438.1739]","[null, null, null, 0.1225, 0.1066]",5.03,,10.786604321351023,1.632544489754265
PRDA,Healthcare,ya,2.371.875.000.000,1832691600.0,9.0,8.12,43.3,,,"[null, 416.817806453295, 290.8543602888024, 299.94969317242123, 231.12779614676472]","[171.9983, 397.8391, 237.85393, 165.9673, 172.92627]","[null, 224471000000.0, 165463000000.0, 251533000000.0, 279646000000.0]","[null, 0.9545, 0.8178, 0.5533, 0.7482]","[null, null, null, 0.0701, 0.0802]",140.57,,12.633935710858788,1.7280584095796077
PSAB,Basic Materials,ya,12.594.960.000.000,57079472649.03091,7.99,4.42,12.57,,,"[null, -0.0005813022766439909, -0.0001442054157218443, 0.00042441142532052156, 0.0016154715420577098]","[null, null, null, null, null]","[null, -43053075.0, -25876486.0, 48763693.0, 84639846.0]","[null, null, null, null, null]","[null, null, null, null, null]",5.15,,8.160664661774092,2.445025625154248
PTBA,Energy,ya,33.064.292.047.500,59720261950.0,12.95,6.67,6.87,,,"[null, 1091.4705643215432, 530.2819662514302, 443.24836301359693, 254.46118594872553]","[74.69438, 688.515, 1094.05, 397.712, 332.437]","[null, 11622625000000.0, 2095150000000.0, 3817304000000.0, 2755461000000.0]","[null, 0.6308, 2.0631, 0.8973, 1.3064]","[null, null, null, 0.163, 0.1439]",17.95,,9.458133096322559,12733.079698350695
PTRO,Energy,tidak,47.101.853.500.000,341803754650.0,9.44,1.8,10.18,,,"[null, 0.004526055877154387, 0.0012625401048765373, 0.0010518746189043283, 0.00025392254777737566]","[11.52719, null, 114.59037, 4.95418, 17.664576]","[null, 29792000.0, 41702000.0, -95242000.0, -386100000.0]","[null, null, 90761.7663, 4709.8579, 69566.7878]","[null, null, null, 0.0018, 0.0016]",1.8,,9.458133096322559,12733.079698350695
PWON,Properties & Real Estate,ya,13.966.284.696.000,26290443070.0,9.03,6.59,147.92,,,"[null, 32.411021720611394, 43.80271189965314, 41.96213558893003, 48.232689001211305]","[null, 4.0, 6.5, 9.0, 13.0]","[null, 2243157862000.0, 1939640533000.0, 2722389865000.0, 2625661917000.0]","[null, 0.1234, 0.1484, 0.2145, 0.2695]","[null, null, null, 0.0234, 0.0385]",9.64,,7.940899418816937,0.7977750435360789
RAJA,Energy,ya,17.500.121.550.000,112945500100.0,10.64,5.7,10.22,,,"[null, 0.002106725864520506, 0.006531078671546155, 0.006044797750673662, 0.006933542286844177]","[5.16, 6.98, 15.87, 38.0, 60.0]","[null, -10115515.0, -17764127.0, 36630649.0, 6862041.0]","[null, 3313.198, 2429.9202, 6286.3973, 8653.5854]","[null, null, null, 0.0144, 0.0099]",5.94,,9.458133096322559,12733.079698350695
RALS,Consumer Cyclicals,ya,2.696.480.000.000,2625756120.0,6.38,4.35,24.43,,,"[null, 45.91118103692625, 48.62978917893771, 53.22393860524624, 43.36916797204386]","[null, 30.0, 50.0, 50.0, 60.0]","[null, 549399000000.0, 481439000000.0, 551649000000.0, 119321000000.0]","[null, 0.6534, 1.0282, 0.9394, 1.3835]","[null, null, null, 0.1748, 0.1615]",12.17,,9.188353289874676,1.498287084113258
RATU,Energy,ya,14.389.785.140.000,37556068150.0,22.0,10.2,121.22,,,"[null, 0.0023007742027164116, 0.008984014661741663, 0.005127573802783516, 0.005632195980723193]","[null, null, null, null, 40.0]","[null, -59386.0, 11128159.0, 9995742.0, 20130148.0]","[null, null, null, null, 7102.0256]","[null, null, null, null, 0.0041]",21.9,,9.458133096322559,12733.079698350695
RMKE,Energy,ya,14.087.500.000.000,44628428867.79785,12.35,8.51,10.91,,,"[null, 88.90816195862857, 69.22414938034285, 65.32435802971429, 55.26540557897143]","[null, null, 7.0, 7.0, 3.5]","[null, 238620819753.0, -61403121697.0, 270713383014.0, 976056612.0]","[null, null, 0.1011, 0.1072, 0.0633]","[null, null, null, 0.0143, 0.0006]",9.96,,9.458133096322559,12733.079698350695
ROTI,Consumer Non-Cyclicals,ya,3.990.285.332.760,1007809775.0,12.64,7.31,6.88,,,"[null, 76.80944123982256, 59.25193807556149, 64.44185270425842, 44.65257618146969]","[48.49, 60.2, 106.55, 87.67, 79.44]","[null, 540653751103.0, 490034723242.0, 480191155436.0, 339791215243.0]","[null, 0.7838, 1.7983, 1.3605, 1.7791]","[null, null, null, 0.1095, 0.1117]",6.46,,10.097954290190295,1.6197793744507782
SCMA,Consumer Cyclicals,tidak,18.492.642.376.250,7621425679.0737915,10.15,7.89,11.19,,,"[null, 13.327526266334836, 5.269040822451663, 9.367080503899333, 12.141098110489432]","[null, 2.5, 6.5, 10.0, 27.0]","[null, -835374308000.0, 986555559000.0, 778503231000.0, 367106377000.0]","[null, 0.1876, 1.2336, 1.0676, 2.2239]","[null, null, null, 0.0711, 0.0846]",81.45,,9.188353289874676,1.498287084113258
SIDO,Healthcare,ya,11.520.000.000.000,12831055400.0,35.1,31.38,178.53,,,"[null, 37.51321704608687, 32.26086488168047, 39.77496538059155, 41.73935627393701]","[33.940895999999995, 36.2, 35.6, 36.0, 43.0]","[null, 928734000000.0, 1005007000000.0, 1105190000000.0, 1194864000000.0]","[null, 0.965, 1.1035, 0.9051, 1.0302]","[null, null, null, 0.068, 0.082]",966.9,,12.633935710858788,1.7280584095796077
SILO,Healthcare,ya,32.515.312.500.000,556238750.0,11.21,7.67,8.66,,,"[null, 53.62808848634739, 93.66284579578443, 84.55362235352042, 85.67181360883387]","[17.375, 19.3, 19.67, 20.0, null]","[null, 505036000000.0, 670608000000.0, 692816000000.0, 669144000000.0]","[null, 0.3599, 0.21, 0.2365, null]","[null, null, null, 0.0062, null]",13.59,,12.633935710858788,1.7280584095796077
SIMP,Consumer Non-Cyclicals,ya,8.603.227.050.000,9250770230.0,7.56,4.91,42.18,,,"[null, 93.3265543876694, 53.81960507943728, 132.46061208188115, 140.92630484940582]","[3.0, 13.0, 15.0, 10.0, 20.0]","[null, 2182395000000.0, 2573731000000.0, 1069039000000.0, 1997732000000.0]","[null, 0.1393, 0.2787, 0.0755, 0.1419]","[null, null, null, 0.0275, 0.0351]",7.69,,10.097954290190295,1.6197793744507782
SMDR,Transportation & Logistic,ya,4.912.680.000.000,2447977120.0,5.91,3.17,25.17,,,"[null, 0.012952962419736926, 0.0038052995012801973, 0.003067978570638694, 0.003106483793508024]","[2.0, 20.0, 34.0, 14.0, 11.5]","[null, 355337420.0, 97013307.0, 49461279.0, 70024839.0]","[null, 1544.0483, 8934.9077, 4563.2653, 3701.9347]","[null, null, null, 0.0542, 0.0293]",4.03,,9.861589360740501,2.306618910758991
SMSM,Consumer Cyclicals,ya,9.818.541.625.200,2697164025.0,24.18,20.22,89.95,,,"[null, 150.0596055661642, 164.2652047082549, 177.84992585030977, 195.30584970768902]","[70.0, 85.0, 105.0, 135.0, 140.0]","[null, 793572000000.0, 935908000000.0, 937452000000.0, 918478000000.0]","[null, 0.5664, 0.6392, 0.7591, 0.7168]","[null, null, null, 0.0775, 0.0813]",94.21,,9.188353289874676,1.498287084113258
SPTO,Industrials,ya,1.674.000.000.000,957650551.3796997,11.04,8.07,9.75,,,"[null, 76.43807898534313, 93.98411248047162, 105.90440190619451, 100.05356568351017]","[35.0, 50.0, 50.0, 60.0, 70.0]","[null, 163905477525.0, 161241196270.0, 301896330250.0, 91666521489.0]","[null, 0.6541, 0.532, 0.5665, 0.6996]","[null, null, null, 0.1089, 0.1147]",20.99,,6.891959068295139,1.8900519565160445
SRTG,Financials,ya,24.348.878.825.000,5872185459.087524,12.42,11.71,255.34,18.0,2.5,"[null, 339.3970343721718, -749.0767175240214, 242.83767733139888, 540.1614849434785]","[22.0, 60.0, 75.0, 22.0, 14.75]","[null, 3705911000000.0, 1407028000000.0, -1049476000000.0, 1374200000000.0]","[null, 0.1768, null, 0.0906, 0.0273]","[null, null, null, 0.0113, 0.01]",41.0,,6.4616081780493015,0.7414960278359822
SSMS,Consumer Non-Cyclicals,tidak,13.144.500.000.000,11607677950.0,39.46,8.54,7.84,,,"[null, 154.2070180710654, 39.561981335745855, 79.97556121078303, 142.1238459048529]","[30.49, 154.79000000000002, 74.64, null, 47.24]","[null, 2016762793000.0, 193639299000.0, 495191536000.0, 622031292000.0]","[null, 1.0038, 1.8867, null, 0.3324]","[null, null, null, null, 0.0327]",4.23,,10.097954290190295,1.6197793744507782
TAPG,Consumer Non-Cyclicals,ya,30.175.860.800.000,36012552441.0437,29.2,23.61,145.93,,,"[null, 149.77016672606402, 80.89539140279695, 158.09727199584674, 191.3566348093393]","[15.11, 25.0, 38.0, 167.0, 165.0]","[null, 2437328000000.0, 766925000000.0, 2651544000000.0, 2808759000000.0]","[null, 0.1669, 0.4697, 1.0563, 0.8623]","[null, null, null, 0.2667, 0.1173]",82.98,,10.097954290190295,1.6197793744507782
TBIG,Infrastructures,tidak,39.536.464.031.525,3419859328.375244,11.21,3.09,20.65,,,"[null, 72.48336118979444, 69.06310831292083, 60.26889951366783, 63.15534648807876]","[32.0, 36.0, 60.3455, 55.204043999999996, 23.73]","[null, 909034000000.0, 1686358000000.0, 2622000000000.0, 2811995000000.0]","[null, 0.4967, 0.8738, 0.916, 0.3757]","[null, null, null, 0.0275, 0.0092]",1.8,,10.786604321351023,1.632544489754265
TBLA,Consumer Non-Cyclicals,tidak,3.795.985.224.360,1582320475.0,9.46,2.93,14.8,,,"[null, 140.04578992171244, 105.01623273732372, 117.23290153530661, 149.89995158969487]","[24.673508, 88.824625, 20.0, 75.0, 12.0]","[null, -270600000000.0, -2611059000000.0, -532251000000.0, -2735438000000.0]","[null, 0.6343, 0.1904, 0.6398, 0.0801]","[null, null, null, 0.124, 0.0176]",1.83,,10.097954290190295,1.6197793744507782
TEBE,Energy,ya,1.619.100.000.000,1098498800.0,10.83,10.3,27.47,,,"[null, 252.2971423148162, 171.17745297575416, 103.30471451654677, 103.31894439917986]","[5.0, 70.0, 146.0, 100.0, null]","[null, 299229887000.0, 208801585000.0, 153626614000.0, 189504484000.0]","[null, 0.2775, 0.8529, 0.968, null]","[null, null, null, 0.1777, null]",6708.31,,9.458133096322559,12733.079698350695
TINS,Basic Materials,ya,26.662.957.365.320,192946018050.0,11.56,6.43,13.32,,,"[null, 129.54306878726342, -65.33089515792273, 168.21258299817157, 182.49952744661812]","[null, 61.2236, 41.9516, null, 63.73]","[null, 2096300000000.0, 11804000000.0, 2182833000000.0, 660417000000.0]","[null, 0.4726, null, null, 0.3492]","[null, null, null, null, 0.0205]",17.17,,8.160664661774092,2.445025625154248
TKIM,Basic Materials,ya,17.356.221.402.750,48445583750.0,8.5,6.41,98.58,,,"[null, 0.14883126430910326, 0.055252697447616975, 0.0954431936283972, 0.08859081071392505]","[25.0, 25.0, 25.0, 25.0, 25.0]","[null, 73353000.0, 16563000.0, 49697000.0, 21059000.0]","[null, 167.9755, 452.4666, 261.9359, 282.1963]","[null, null, null, 0.0042, 0.0034]",8.06,,8.160664661774092,2.445025625154248
TLKM,Infrastructures,ya,278.364.828.646.000,590663907510.9473,14.04,7.45,19.85,,,"[null, 257.75152264829103, 239.79367460670824, 224.02451257717865, 177.65745836081064]","[168.01, 149.9656, 167.5987, 178.50418, 212.4665]","[null, 35085000000000.0, 24161000000000.0, 31937000000000.0, 38074000000000.0]","[null, 0.5818, 0.6989, 0.7968, 1.1959]","[null, null, null, 0.0769, 0.066]",6.86,,10.786604321351023,1.632544489754265
TOTL,Infrastructures,ya,3.546.400.000.000,3301284925.0,30.86,10.23,52.83,,,"[null, 29.36162215990051, 51.27934889357463, 80.86986274533378, 133.49706027041248]","[10.0, 25.0, 100.0, 40.0, 75.0]","[null, 269904685000.0, 77229922000.0, 642898860000.0, 367183204000.0]","[null, 0.8515, 1.9501, 0.4946, 0.5618]","[null, null, null, 0.0716, 0.0815]",,,10.786604321351023,1.632544489754265
TOWR,Infrastructures,tidak,28.130.697.375.956,43099868950.298004,13.58,4.76,27.6,,,"[null, 62.166332012093385, 58.739827943011626, 60.37429075270693, 70.08311775816689]","[28.093, 24.1, 24.1, 18.1, 22.77]","[null, 3391931000000.0, 4342041000000.0, 4821033000000.0, 7067202000000.0]","[null, 0.3877, 0.4103, 0.2998, 0.3249]","[null, null, null, 0.0292, 0.0396]",2.27,,10.786604321351023,1.632544489754265
TPIA,Basic Materials,ya,154.423.107.989.220,2201105650497.953,25.68,9.97,51.89,,,"[null, -0.0017079812851250255, -0.000357192147707357, -0.0008273621775604102, -0.0052518480011607]","[20.845, 1.824488, 5.13574, 5.5764, 9.535499999999999]","[null, -363654000.0, 35870000.0, -564253000.0, -386504000.0]","[null, null, null, null, null]","[null, null, null, 0.0007, 0.0014]",6.43,,8.160664661774092,2.445025625154248
TPMA,Energy,ya,1.876.469.718.190,3680256560.0,11.91,6.25,15.75,,,"[null, 0.004088729937568695, 0.008241895819677493, 0.0083137200947563, 0.005169408860945068]","[20.027586, 10.924138, 81.93103500000001, 40.965515, 80.0]","[null, 15354876.0, 1712423.0, -24056249.0, -22117560.0]","[null, 2671.768, 9940.7996, 4927.459, 15475.6573]","[null, null, null, 0.0722, 0.1416]",4.43,,9.458133096322559,12733.079698350695
TSPC,Healthcare,ya,10.688.378.391.000,2465922250.0,13.48,10.1,39.53,,,"[null, 113.10584371571481, 171.13599730617028, 321.4356437571748, 312.61081864180204]","[80.0, 75.0, 150.0, 100.0, 200.0]","[null, -106328153109.0, 872808106970.0, 1321594933803.0, 866350098033.0]","[null, 0.6631, 0.8765, 0.3111, 0.6398]","[null, null, null, 0.043, 0.0702]",28.51,,12.633935710858788,1.7280584095796077
TUGU,Financials,tidak,4.000.022.550.000,2302926425.0,7.17,2.46,25.87,18.0,2.5,"[null, 83.21334876952479, 348.13227696457227, 96.67646951760327, 189.79361567940649]","[26.10002, 35.60404, 64.566428, 123.25628, 78.84567]","[null, 592180585000.0, 1760566857000.0, 229245866000.0, 915689972000.0]","[null, 0.4279, 0.1855, 1.2749, 0.4154]","[null, null, null, 0.1406, 0.0735]",21.41,,6.4616081780493015,0.7414960278359822
UANG,Consumer Cyclicals,ya,4.392.300.000.000,644515675.0,13.77,4.61,24.17,,,"[null, null, null, 70.20247933884298, 68.67685950413224]","[null, null, null, 8.26, null]","[null, null, null, -74850000000.0, -164496000000.0]","[null, null, null, 0.1177, null]","[null, null, null, 0.0112, null]",30.89,,9.188353289874676,1.498287084113258
ULTJ,Consumer Non-Cyclicals,ya,17.572.916.088.000,5378534900.0,16.27,14.62,15.43,,,"[null, 93.04310420517507, 112.37826860548681, 109.06612649214556, 130.09242332941196]","[85.0, 25.0, 30.0, 40.0, 45.0]","[null, 799000000.0, 1153601000000.0, 1004048000000.0, 1261697000000.0]","[null, 0.2687, 0.267, 0.3667, 0.3459]","[null, null, null, 0.0229, 0.0312]",13650.12,,10.097954290190295,1.6197793744507782
UNTR,Industrials,ya,108.360.425.700.800,150721287250.0,14.36,8.34,11.28,,,"[null, 6002.57722095392, 5997.676267770688, 5536.908600725379, 3989.1966759496254]","[808.0, 1723.0, 6886.0, 2236.0, 2051.0]","[null, 23605522000000.0, 7201129000000.0, 16358111000000.0, 13043351000000.0]","[null, 0.287, 1.1481, 0.4038, 0.5141]","[null, null, null, 0.0946, 0.072]",16.53,,6.891959068295139,1.8900519565160445
UNVR,Consumer Non-Cyclicals,ya,58.560.250.000.000,40504704963.671265,170.75,38.17,23.92,,,"[null, 141.2476777050839, 126.40295174406566, 76.47587367838317, 93.13275775065472]","[166.0, 153.0, 134.0, 118.0, 134.0]","[null, 7422951000000.0, 6283060000000.0, 2887254000000.0, 4935200000000.0]","[null, 1.0832, 1.0601, 1.543, 1.4388]","[null, null, null, 0.0717, 0.0553]",39.06,,10.097954290190295,1.6197793744507782
VICI,CONSUMER GOODS INDUSTRY,ya,4.125.420.000.000,1215331220.0,12.52,10.22,9.69,,,"[null, 15.073116491067223, 27.328734972300488, 27.034425252153696, 21.19113911569885]","[8.5, 7.0, 9.0, 10.5, 10.0]","[null, 94919091053.0, 187080225492.0, 48287408006.0, 160726098385.0]","[null, 0.4644, 0.3293, 0.3884, 0.4719]","[null, null, null, 0.0163, 0.0147]",25.45,,33.23672385320812,3.7993110091288997
WBSA,Transportation & Logistic,ya,11.537.750.000.000,40789534575.0,10.02,2.86,2.14,,,"[null, null, null, null, null]","[null, null, null, null, null]","[null, null, null, null, null]","[null, null, null, null, null]","[null, null, null, null, null]",,,9.861589360740501,2.306618910758991
WIFI,Technology,tidak,10.882.525.480.750,62560055825.0,5.6,3.03,62.6,,,"[null, null, 11.079305963795406, 43.45593240997161, 69.65808344955961]","[null, null, null, 1.06, 2.0]","[-219102312440.0, null, -100382823150.0, -1058756210919.0, -4090664001789.0]","[null, null, null, 0.0244, 0.0287]","[null, null, null, 0.0026, 0.0006]",3.47,,12.101348513255012,1.5632451910338614
WIIM,Consumer Non-Cyclicals,tidak,4.000.259.512.800,3609788507.2784424,18.93,13.08,6.57,,,"[null, 119.54731953658596, 236.66624562622306, 142.13886415083394, 200.8341808909331]","[20.5, 21.6, 72.9, 107.1, 64.8]","[null, 236908636583.0, -329692804595.0, -48135951306.0, 137216456429.0]","[null, 0.1807, 0.308, 0.7535, 0.3227]","[null, null, null, 0.1766, 0.0417]",23.02,,10.097954290190295,1.6197793744507782
WIRG,Technology,ya,728.255.966.034,3562679190.0,8.32,5.15,14.99,,,"[null, 3.4662773647818583, 5.779672482770466, 6.19438381565572, 5.9950867532504]","[null, null, null, null, null]","[null, -326319991583.0, -34411524245.0, -96379571115.0, -45353169104.0]","[null, null, null, null, null]","[null, null, null, null, null]",7.41,,12.101348513255012,1.5632451910338614
